구,UVI_TOPSIS_Score,VHI_TOPSIS_Score,Final_Heat_Vulnerability
영등포구,0.9543256814174808,0.9999999999999999,0.9771628407087403
동대문구,0.9632524757231244,0.9382188600265019,0.9507356678748131
송파구,0.8043166965303881,0.9121813786149812,0.8582490375726846
구로구,0.865626060021166,0.8164285440361846,0.8410273020286754
중구,0.8836693647903013,0.6313452201174945,0.7575072924538979
강남구,0.988088946207732,0.5067679893013117,0.7474284677545219
중랑구,0.6968514367259431,0.7957971022679134,0.7463242694969283
양천구,0.8816355467201209,0.5867891425094722,0.7342123446147966
성동구,0.6923257916397997,0.6916211718322302,0.6919734817360149
동작구,0.7521873756614522,0.6183961222962979,0.685291748978875
광진구,1.0,0.36115765076565653,0.6805788253828282
은평구,0.22024373856051774,0.961472808192316,0.5908582733764168
강동구,0.5016063573398897,0.6756804865952849,0.5886434219675873
강서구,0.6637028864372396,0.5004665517255059,0.5820847190813727
도봉구,0.1955219243359508,0.9071194884684289,0.5513207064021899
노원구,0.5068470113434046,0.5913656929219264,0.5491063521326656
금천구,0.8689038036090804,0.2261538010042403,0.5475288023066603
용산구,0.6448481639515513,0.41772152372146965,0.5312848438365105
성북구,0.5076639338405947,0.5169680205967397,0.5123159772186672
서대문구,0.41160817642020875,0.5551209273565452,0.48336455188837696
마포구,0.4178656299388176,0.4253737949443843,0.42161971244160096
강북구,0.18491948685986073,0.5816623680596316,0.38329092745974613
관악구,0.0,0.6900255659612496,0.3450127829806248
서초구,0.4717698559613567,0.0,0.23588492798067834
종로구,0.11606302797680854,0.348385043639448,0.23222403580812828
